solve time,all time,satisfiable,size,solution_count,demands,wavelengths,graph
0.00171767920255661,0.8586408421397209,true,1,-1,1,3,res_dt.gml
0.0018519312143325806,2.7441469989717007,true,5,-1,2,3,res_dt.gml
0.182294812053442,7.356195494532585,true,51,-1,3,3,res_dt.gml
0.7519888207316399,13.699615254998207,true,160,-1,4,3,res_dt.gml
7.085243113338947,45.8659550845623,true,93,-1,5,3,res_dt.gml
16.34776295721531,127.67339761555195,true,257,-1,6,3,res_dt.gml
19.869938284158707,180.2566829994321,true,355,-1,7,3,res_dt.gml
35.408695451915264,319.87550581246614,true,1539,-1,8,3,res_dt.gml
118.67587104439735,1351.8872233778238,true,8476,-1,9,3,res_dt.gml
