solve time,all time,satisfiable,size,solution_count,demands,wavelengths,graph
0.0008586756885051727,0.7296173647046089,true,1,-1,1,3,res_kanto11.gml
0.0019722729921340942,3.1419864520430565,true,5,-1,2,3,res_kanto11.gml
0.2852684147655964,7.785593502223492,true,48,-1,3,3,res_kanto11.gml
1.0930298902094364,14.59406765550375,true,205,-1,4,3,res_kanto11.gml
4.856399320065975,28.02113664522767,true,507,-1,5,3,res_kanto11.gml
18.14840940758586,56.80105064436793,true,678,-1,6,3,res_kanto11.gml
34.15282927453518,93.46572010591626,true,747,-1,7,3,res_kanto11.gml
50.27727643400431,126.16777200996876,true,5290,-1,8,3,res_kanto11.gml
134.95876606553793,1993.4373138099909,true,15237,-1,9,3,res_kanto11.gml
